trial,base_seed,map_seed,noise_seed,layout,obstacle_density,sigma,grid,R,T,success,feasible,path_exists,penalty_used,steps,final_confidence,rcp,optimal_dist,active_cells,path_len,detour_ratio,n_obstacles,map_hash,mode,mode_variant,n_effective,R_effective
0,42,422,1422,random,0.38,0.1,20,5,0.2,1,1,1,0,50,0.9999999999287985,47500.0,38,38,38,1.0,152,b9818323754f302b,wbit,wbit,2,5
1,42,423,1423,random,0.38,0.1,20,5,0.2,1,1,1,0,50,0.999999999956011,47500.0,38,38,38,1.0,152,29b11d8a95258daa,wbit,wbit,2,5
2,42,424,1424,random,0.38,0.1,20,5,0.2,0,0,0,1,0,0.0,500000.0,0,0,0,0.0,152,f9d34edea2999a88,wbit,wbit,2,5
3,42,425,1425,random,0.38,0.1,20,5,0.2,1,1,1,0,50,0.5624349952643661,47500.0,38,38,38,1.0,152,329a7f8771d777e6,wbit,wbit,2,5
4,42,426,1426,random,0.38,0.1,20,5,0.2,1,1,1,0,50,0.9999999999506625,55000.0,44,44,44,1.0,152,9c93a78646eb0ab1,wbit,wbit,2,5
0,42,422,1422,random,0.38,0.1,20,5,0.2,1,1,1,0,50,0.9999999999287985,47500.0,38,38,38,1.0,152,b9818323754f302b,wbit,wbit,2,5,0
1,42,423,1423,random,0.38,0.1,20,5,0.2,1,1,1,0,50,0.999999999956011,47500.0,38,38,38,1.0,152,29b11d8a95258daa,wbit,wbit,2,5,0
2,42,424,1424,random,0.38,0.1,20,5,0.2,0,0,0,1,0,0.0,500000.0,0,0,0,0.0,152,f9d34edea2999a88,wbit,wbit,2,5,0
3,42,425,1425,random,0.38,0.1,20,5,0.2,1,1,1,0,50,0.5624349952643661,47500.0,38,38,38,1.0,152,329a7f8771d777e6,wbit,wbit,2,5,0
4,42,426,1426,random,0.38,0.1,20,5,0.2,1,1,1,0,50,0.9999999999506625,55000.0,44,44,44,1.0,152,9c93a78646eb0ab1,wbit,wbit,2,5,0
0,42,142,1142,random,0.1,0.1,10,5,0.2,1,1,1,0,50,0.9999999999164939,22500.0,18,18,18,1.0,10,188f7056ba4eb21a,wbit,wbit,2,5,0
1,42,143,1143,random,0.1,0.1,10,5,0.2,1,1,1,0,50,0.5276610959798277,22500.0,18,18,18,1.0,10,ad60f6354bed0a6b,wbit,wbit,2,5,0
2,42,144,1144,random,0.1,0.1,10,5,0.2,1,1,1,0,50,0.5021730050896676,22500.0,18,18,18,1.0,10,1c511bc8c03e9d08,wbit,wbit,2,5,0
3,42,145,1145,random,0.1,0.1,10,5,0.2,1,1,1,0,50,0.5890618924424733,22500.0,18,18,18,1.0,10,16c6d69ae49bc288,wbit,wbit,2,5,0
4,42,146,1146,random,0.1,0.1,10,5,0.2,1,1,1,0,50,0.574336259243341,22500.0,18,18,18,1.0,10,bf7c05187fa842df,wbit,wbit,2,5,0
5,42,147,1147,random,0.1,0.1,10,5,0.2,1,1,1,0,50,0.5650931860081843,22500.0,18,18,18,1.0,10,dda35abde091eb90,wbit,wbit,2,5,0
6,42,148,1148,random,0.1,0.1,10,5,0.2,1,1,1,0,50,0.5280254785099514,22500.0,18,18,18,1.0,10,6897f63583fe4ed5,wbit,wbit,2,5,0
7,42,149,1149,random,0.1,0.1,10,5,0.2,1,1,1,0,50,0.9999999999049066,22500.0,18,18,18,1.0,10,2d3c753cedd94f68,wbit,wbit,2,5,0
8,42,150,1150,random,0.1,0.1,10,5,0.2,1,1,1,0,50,0.506365333930584,22500.0,18,18,18,1.0,10,c872f1298fddb160,wbit,wbit,2,5,0
9,42,151,1151,random,0.1,0.1,10,5,0.2,1,1,1,0,50,0.557837750472612,22500.0,18,18,18,1.0,10,4d883cb95f5ae7e7,wbit,wbit,2,5,0
10,42,152,1152,random,0.1,0.1,10,5,0.2,1,1,1,0,50,0.999999999919125,22500.0,18,18,18,1.0,10,93f35be212d2cef8,wbit,wbit,2,5,0
11,42,153,1153,random,0.1,0.1,10,5,0.2,1,1,1,0,50,0.5304758767841387,22500.0,18,18,18,1.0,10,faeec8294571ec51,wbit,wbit,2,5,0
12,42,154,1154,random,0.1,0.1,10,5,0.2,1,1,1,0,50,0.6075805609163532,22500.0,18,18,18,1.0,10,23c669bdf58fb69d,wbit,wbit,2,5,0
13,42,155,1155,random,0.1,0.1,10,5,0.2,1,1,1,0,50,0.6150662880826556,22500.0,18,18,18,1.0,10,635f5e4cc4ec9e79,wbit,wbit,2,5,0
14,42,156,1156,random,0.1,0.1,10,5,0.2,1,1,1,0,50,0.5234925698190969,22500.0,18,18,18,1.0,10,a4816a1c63ca3ec5,wbit,wbit,2,5,0
15,42,157,1157,random,0.1,0.1,10,5,0.2,1,1,1,0,50,0.9999999999331125,22500.0,18,18,18,1.0,10,6755551fb7f7807a,wbit,wbit,2,5,0
16,42,158,1158,random,0.1,0.1,10,5,0.2,1,1,1,0,50,0.9999999999398695,22500.0,18,18,18,1.0,10,e734ab0083e07483,wbit,wbit,2,5,0
17,42,159,1159,random,0.1,0.1,10,5,0.2,1,1,1,0,50,0.667969554454583,22500.0,18,18,18,1.0,10,2d77ba0879a63da9,wbit,wbit,2,5,0
18,42,160,1160,random,0.1,0.1,10,5,0.2,1,1,1,0,50,0.6553202323659912,22500.0,18,18,18,1.0,10,e7a719a6b7d3aeae,wbit,wbit,2,5,0
19,42,161,1161,random,0.1,0.1,10,5,0.2,1,1,1,0,50,0.5925507432986195,22500.0,18,18,18,1.0,10,2dbeb663286bc778,wbit,wbit,2,5,0
20,42,162,1162,random,0.1,0.1,10,5,0.2,1,1,1,0,50,0.7103455219747556,22500.0,18,18,18,1.0,10,d175bfcf6eaa915f,wbit,wbit,2,5,0
21,42,163,1163,random,0.1,0.1,10,5,0.2,1,1,1,0,50,0.5916538394191281,22500.0,18,18,18,1.0,10,16e5e40ed72ec300,wbit,wbit,2,5,0
22,42,164,1164,random,0.1,0.1,10,5,0.2,1,1,1,0,50,0.5282450580093697,22500.0,18,18,18,1.0,10,479d96fbf1be6318,wbit,wbit,2,5,0
23,42,165,1165,random,0.1,0.1,10,5,0.2,1,1,1,0,50,0.6127398749015338,22500.0,18,18,18,1.0,10,86be2ae764891f66,wbit,wbit,2,5,0
24,42,166,1166,random,0.1,0.1,10,5,0.2,1,1,1,0,50,0.9999999999012199,22500.0,18,18,18,1.0,10,0a880d435713e4b0,wbit,wbit,2,5,0
25,42,167,1167,random,0.1,0.1,10,5,0.2,1,1,1,0,50,0.9999999999271383,22500.0,18,18,18,1.0,10,eb0aa752066489b6,wbit,wbit,2,5,0
26,42,168,1168,random,0.1,0.1,10,5,0.2,1,1,1,0,50,0.5691740693546186,22500.0,18,18,18,1.0,10,85a99c0e2da28e9d,wbit,wbit,2,5,0
27,42,169,1169,random,0.1,0.1,10,5,0.2,1,1,1,0,50,0.5998161090918206,22500.0,18,18,18,1.0,10,9b011070aab3abc4,wbit,wbit,2,5,0
28,42,170,1170,random,0.1,0.1,10,5,0.2,1,1,1,0,50,0.5751097815666022,22500.0,18,18,18,1.0,10,fa20802148d30a7f,wbit,wbit,2,5,0
29,42,171,1171,random,0.1,0.1,10,5,0.2,1,1,1,0,50,0.54063801172338,22500.0,18,18,18,1.0,10,ff79b6acbde70ca0,wbit,wbit,2,5,0
30,42,172,1172,random,0.1,0.1,10,5,0.2,1,1,1,0,50,0.5865801263238805,22500.0,18,18,18,1.0,10,b4b8f8c8fb323c65,wbit,wbit,2,5,0
31,42,173,1173,random,0.1,0.1,10,5,0.2,1,1,1,0,50,0.5861916124875737,22500.0,18,18,18,1.0,10,64ac82e073496f01,wbit,wbit,2,5,0
32,42,174,1174,random,0.1,0.1,10,5,0.2,1,1,1,0,50,0.52621158489448,22500.0,18,18,18,1.0,10,50de84fe617d519f,wbit,wbit,2,5,0
33,42,175,1175,random,0.1,0.1,10,5,0.2,1,1,1,0,50,0.5659151624120633,22500.0,18,18,18,1.0,10,c8d682ab760e65f1,wbit,wbit,2,5,0
34,42,176,1176,random,0.1,0.1,10,5,0.2,1,1,1,0,50,0.9999999999414648,22500.0,18,18,18,1.0,10,9cc1c847045a24b5,wbit,wbit,2,5,0
35,42,177,1177,random,0.1,0.1,10,5,0.2,1,1,1,0,50,0.7062535874235271,22500.0,18,18,18,1.0,10,0e567806df89b398,wbit,wbit,2,5,0
36,42,178,1178,random,0.1,0.1,10,5,0.2,1,1,1,0,50,0.6087736136916246,22500.0,18,18,18,1.0,10,c1aa5032f5ec481a,wbit,wbit,2,5,0
37,42,179,1179,random,0.1,0.1,10,5,0.2,1,1,1,0,50,0.9999999999487804,22500.0,18,18,18,1.0,10,06e568a972350957,wbit,wbit,2,5,0
38,42,180,1180,random,0.1,0.1,10,5,0.2,1,1,1,0,50,0.5097317430110685,22500.0,18,18,18,1.0,10,078885c04916ae84,wbit,wbit,2,5,0
39,42,181,1181,random,0.1,0.1,10,5,0.2,1,1,1,0,50,0.5525766887738724,22500.0,18,18,18,1.0,10,699e17eaf61dd27d,wbit,wbit,2,5,0
40,42,182,1182,random,0.1,0.1,10,5,0.2,1,1,1,0,50,0.5367877723536894,22500.0,18,18,18,1.0,10,fe0d909278a07bd5,wbit,wbit,2,5,0
41,42,183,1183,random,0.1,0.1,10,5,0.2,1,1,1,0,50,0.5319089319971947,22500.0,18,18,18,1.0,10,104f5e7e6388d830,wbit,wbit,2,5,0
42,42,184,1184,random,0.1,0.1,10,5,0.2,1,1,1,0,50,0.5269833329286367,22500.0,18,18,18,1.0,10,a096642e355b856b,wbit,wbit,2,5,0
43,42,185,1185,random,0.1,0.1,10,5,0.2,1,1,1,0,50,0.5522749430808584,22500.0,18,18,18,1.0,10,98534322ea623c84,wbit,wbit,2,5,0
44,42,186,1186,random,0.1,0.1,10,5,0.2,1,1,1,0,50,0.9999999999038975,22500.0,18,18,18,1.0,10,e9e47d87a2e8b5e9,wbit,wbit,2,5,0
45,42,187,1187,random,0.1,0.1,10,5,0.2,1,1,1,0,50,0.5302545766334361,22500.0,18,18,18,1.0,10,0a9a8a9f17a4fc13,wbit,wbit,2,5,0
46,42,188,1188,random,0.1,0.1,10,5,0.2,1,1,1,0,50,0.9999999999626868,22500.0,18,18,18,1.0,10,6f47f1f69f40fb2b,wbit,wbit,2,5,0
47,42,189,1189,random,0.1,0.1,10,5,0.2,1,1,1,0,50,0.5445983779135167,22500.0,18,18,18,1.0,10,88f7fb7819c991ab,wbit,wbit,2,5,0
48,42,190,1190,random,0.1,0.1,10,5,0.2,1,1,1,0,50,0.5659003391754003,22500.0,18,18,18,1.0,10,bd55b2fce59d663e,wbit,wbit,2,5,0
49,42,191,1191,random,0.1,0.1,10,5,0.2,1,1,1,0,50,0.9999999999307174,22500.0,18,18,18,1.0,10,ac078bd251c181f8,wbit,wbit,2,5,0
50,42,192,1192,random,0.1,0.1,10,5,0.2,1,1,1,0,50,0.5901205933227448,22500.0,18,18,18,1.0,10,bda18d6e323b9441,wbit,wbit,2,5,0
51,42,193,1193,random,0.1,0.1,10,5,0.2,1,1,1,0,50,0.727567536122822,22500.0,18,18,18,1.0,10,1f5c68e3ea04eef3,wbit,wbit,2,5,0
52,42,194,1194,random,0.1,0.1,10,5,0.2,1,1,1,0,50,0.5436376903773303,22500.0,18,18,18,1.0,10,c7ca0a00977db76f,wbit,wbit,2,5,0
53,42,195,1195,random,0.1,0.1,10,5,0.2,1,1,1,0,50,0.5179277654340929,22500.0,18,18,18,1.0,10,eca1e28b5d32a171,wbit,wbit,2,5,0
54,42,196,1196,random,0.1,0.1,10,5,0.2,1,1,1,0,50,0.5649781609921125,22500.0,18,18,18,1.0,10,9f8ea672a0653605,wbit,wbit,2,5,0
55,42,197,1197,random,0.1,0.1,10,5,0.2,1,1,1,0,50,0.5894776155345123,22500.0,18,18,18,1.0,10,37718e4569cd5279,wbit,wbit,2,5,0
56,42,198,1198,random,0.1,0.1,10,5,0.2,1,1,1,0,50,0.6969624813993034,22500.0,18,18,18,1.0,10,0f4109150d88e59f,wbit,wbit,2,5,0
57,42,199,1199,random,0.1,0.1,10,5,0.2,1,1,1,0,50,0.5689404016933295,22500.0,18,18,18,1.0,10,1c77ef70f2b00327,wbit,wbit,2,5,0
58,42,200,1200,random,0.1,0.1,10,5,0.2,1,1,1,0,50,0.6789726482264213,22500.0,18,18,18,1.0,10,a74ac1f0d1a9fd4a,wbit,wbit,2,5,0
59,42,201,1201,random,0.1,0.1,10,5,0.2,1,1,1,0,50,0.6579408768075512,22500.0,18,18,18,1.0,10,b8de1a547141c4de,wbit,wbit,2,5,0
60,42,202,1202,random,0.1,0.1,10,5,0.2,1,1,1,0,50,0.6248003394707817,22500.0,18,18,18,1.0,10,0a40291db4aa26f1,wbit,wbit,2,5,0
61,42,203,1203,random,0.1,0.1,10,5,0.2,1,1,1,0,50,0.9999999999406661,22500.0,18,18,18,1.0,10,9ddad2757dba2b61,wbit,wbit,2,5,0
62,42,204,1204,random,0.1,0.1,10,5,0.2,1,1,1,0,50,0.5684184068061551,22500.0,18,18,18,1.0,10,0b129841db54a404,wbit,wbit,2,5,0
63,42,205,1205,random,0.1,0.1,10,5,0.2,1,1,1,0,50,0.5122031665175981,22500.0,18,18,18,1.0,10,9efaa55b28372239,wbit,wbit,2,5,0
64,42,206,1206,random,0.1,0.1,10,5,0.2,1,1,1,0,50,0.9999999999447178,22500.0,18,18,18,1.0,10,e3bc16073d07b06a,wbit,wbit,2,5,0
65,42,207,1207,random,0.1,0.1,10,5,0.2,1,1,1,0,50,0.999999999923656,22500.0,18,18,18,1.0,10,d346fec513de8127,wbit,wbit,2,5,0
66,42,208,1208,random,0.1,0.1,10,5,0.2,1,1,1,0,50,0.5831154464954351,22500.0,18,18,18,1.0,10,9bdc5f131bcbc6ed,wbit,wbit,2,5,0
67,42,209,1209,random,0.1,0.1,10,5,0.2,1,1,1,0,50,0.9999999998876523,22500.0,18,18,18,1.0,10,de2a08985f127b7c,wbit,wbit,2,5,0
68,42,210,1210,random,0.1,0.1,10,5,0.2,1,1,1,0,50,0.5206928454808855,22500.0,18,18,18,1.0,10,5e4b08e3b90a04dd,wbit,wbit,2,5,0
69,42,211,1211,random,0.1,0.1,10,5,0.2,1,1,1,0,50,0.6905973209743638,22500.0,18,18,18,1.0,10,f3af0fa53ce1067f,wbit,wbit,2,5,0
70,42,212,1212,random,0.1,0.1,10,5,0.2,1,1,1,0,50,0.5514514918995884,22500.0,18,18,18,1.0,10,606a23a3a7c2976c,wbit,wbit,2,5,0
71,42,213,1213,random,0.1,0.1,10,5,0.2,1,1,1,0,50,0.6503639803883566,22500.0,18,18,18,1.0,10,c178c58fae384086,wbit,wbit,2,5,0
72,42,214,1214,random,0.1,0.1,10,5,0.2,1,1,1,0,50,0.6636654459572162,22500.0,18,18,18,1.0,10,884f63e98a7dd63d,wbit,wbit,2,5,0
73,42,215,1215,random,0.1,0.1,10,5,0.2,1,1,1,0,50,0.999999999908806,22500.0,18,18,18,1.0,10,a33da3458026d744,wbit,wbit,2,5,0
74,42,216,1216,random,0.1,0.1,10,5,0.2,1,1,1,0,50,0.54070366191798,22500.0,18,18,18,1.0,10,08ad13e0d7f1dfb1,wbit,wbit,2,5,0
75,42,217,1217,random,0.1,0.1,10,5,0.2,1,1,1,0,50,0.9999999999518261,22500.0,18,18,18,1.0,10,8e4c195c88d42de3,wbit,wbit,2,5,0
76,42,218,1218,random,0.1,0.1,10,5,0.2,1,1,1,0,50,0.5216285927514861,22500.0,18,18,18,1.0,10,11af976745c579ae,wbit,wbit,2,5,0
77,42,219,1219,random,0.1,0.1,10,5,0.2,1,1,1,0,50,0.558932943723532,22500.0,18,18,18,1.0,10,a1a3f80c0ac8ad12,wbit,wbit,2,5,0
78,42,220,1220,random,0.1,0.1,10,5,0.2,1,1,1,0,50,0.5407711694818949,22500.0,18,18,18,1.0,10,ad43d3f6a238ce17,wbit,wbit,2,5,0
79,42,221,1221,random,0.1,0.1,10,5,0.2,1,1,1,0,50,0.6200968004824463,22500.0,18,18,18,1.0,10,74cd93014f52636e,wbit,wbit,2,5,0
80,42,222,1222,random,0.1,0.1,10,5,0.2,1,1,1,0,50,0.9999999999467668,22500.0,18,18,18,1.0,10,a0ee61f8828f830f,wbit,wbit,2,5,0
81,42,223,1223,random,0.1,0.1,10,5,0.2,1,1,1,0,50,0.5208934532639065,22500.0,18,18,18,1.0,10,26f30a39102a6496,wbit,wbit,2,5,0
82,42,224,1224,random,0.1,0.1,10,5,0.2,1,1,1,0,50,0.5735200896516843,22500.0,18,18,18,1.0,10,1a62ea1db2532fe6,wbit,wbit,2,5,0
83,42,225,1225,random,0.1,0.1,10,5,0.2,1,1,1,0,50,0.6627984330763734,22500.0,18,18,18,1.0,10,a85f8db737bfd21b,wbit,wbit,2,5,0
84,42,226,1226,random,0.1,0.1,10,5,0.2,1,1,1,0,50,0.5877696579673097,22500.0,18,18,18,1.0,10,94614db552722caf,wbit,wbit,2,5,0
85,42,227,1227,random,0.1,0.1,10,5,0.2,1,1,1,0,50,0.567113029064704,22500.0,18,18,18,1.0,10,0b7ca72c8a77d09c,wbit,wbit,2,5,0
86,42,228,1228,random,0.1,0.1,10,5,0.2,1,1,1,0,50,0.6610908897682664,22500.0,18,18,18,1.0,10,4b7a3969020d3505,wbit,wbit,2,5,0
87,42,229,1229,random,0.1,0.1,10,5,0.2,1,1,1,0,50,0.5489455374580275,22500.0,18,18,18,1.0,10,1eb091227fee2723,wbit,wbit,2,5,0
88,42,230,1230,random,0.1,0.1,10,5,0.2,1,1,1,0,50,0.5460476673550436,22500.0,18,18,18,1.0,10,549a618679cc6771,wbit,wbit,2,5,0
89,42,231,1231,random,0.1,0.1,10,5,0.2,1,1,1,0,50,0.5168829058398714,22500.0,18,18,18,1.0,10,d1476459723efebe,wbit,wbit,2,5,0
90,42,232,1232,random,0.1,0.1,10,5,0.2,1,1,1,0,50,0.6027986947114214,22500.0,18,18,18,1.0,10,59eb40131fa05975,wbit,wbit,2,5,0
91,42,233,1233,random,0.1,0.1,10,5,0.2,1,1,1,0,50,0.9999999999432292,22500.0,18,18,18,1.0,10,0c41affb215823af,wbit,wbit,2,5,0
92,42,234,1234,random,0.1,0.1,10,5,0.2,1,1,1,0,50,0.7488959698205935,22500.0,18,18,18,1.0,10,02c3921f49a8d8a0,wbit,wbit,2,5,0
93,42,235,1235,random,0.1,0.1,10,5,0.2,1,1,1,0,50,0.9999999999316791,22500.0,18,18,18,1.0,10,29ad779c35efc727,wbit,wbit,2,5,0
94,42,236,1236,random,0.1,0.1,10,5,0.2,1,1,1,0,50,0.5031558918114751,22500.0,18,18,18,1.0,10,da2c2425b22529a4,wbit,wbit,2,5,0
95,42,237,1237,random,0.1,0.1,10,5,0.2,1,1,1,0,50,0.6080025789545198,22500.0,18,18,18,1.0,10,457e0c24f8cfbe3f,wbit,wbit,2,5,0
96,42,238,1238,random,0.1,0.1,10,5,0.2,1,1,1,0,50,0.9999999999611755,22500.0,18,18,18,1.0,10,26b5e521593e525b,wbit,wbit,2,5,0
97,42,239,1239,random,0.1,0.1,10,5,0.2,1,1,1,0,50,0.9999999999559694,22500.0,18,18,18,1.0,10,d76c49c7bbdeb8b5,wbit,wbit,2,5,0
98,42,240,1240,random,0.1,0.1,10,5,0.2,1,1,1,0,50,0.5352102278661074,22500.0,18,18,18,1.0,10,3184bdb4a7c97800,wbit,wbit,2,5,0
99,42,241,1241,random,0.1,0.1,10,5,0.2,1,1,1,0,50,0.5743093659116653,22500.0,18,18,18,1.0,10,fe10f120278d45fc,wbit,wbit,2,5,0
0,42,242,1242,random,0.2,0.1,10,5,0.2,1,1,1,0,50,0.5121375057021466,22500.0,18,18,18,1.0,20,1d8de7c0bc7d83b6,wbit,wbit,2,5,0
1,42,243,1243,random,0.2,0.1,10,5,0.2,1,1,1,0,50,0.9999999999510885,22500.0,18,18,18,1.0,20,5d00562c8a4e4528,wbit,wbit,2,5,0
2,42,244,1244,random,0.2,0.1,10,5,0.2,1,1,1,0,50,0.5787208362672912,22500.0,18,18,18,1.0,20,dc1587184c968985,wbit,wbit,2,5,0
3,42,245,1245,random,0.2,0.1,10,5,0.2,1,1,1,0,50,0.9999999998976778,22500.0,18,18,18,1.0,20,85bd2433fedc0f0b,wbit,wbit,2,5,0
4,42,246,1246,random,0.2,0.1,10,5,0.2,1,1,1,0,50,0.9999999999669084,22500.0,18,18,18,1.0,20,402a434850040a1c,wbit,wbit,2,5,0
5,42,247,1247,random,0.2,0.1,10,5,0.2,1,1,1,0,50,0.6542122806851456,22500.0,18,18,18,1.0,20,042dd0860dbe3adc,wbit,wbit,2,5,0
6,42,248,1248,random,0.2,0.1,10,5,0.2,1,1,1,0,50,0.5116052437807979,22500.0,18,18,18,1.0,20,9e9f64eaa2d49c22,wbit,wbit,2,5,0
7,42,249,1249,random,0.2,0.1,10,5,0.2,1,1,1,0,50,0.9999999999373989,22500.0,18,18,18,1.0,20,03d07d5d3dda455f,wbit,wbit,2,5,0
8,42,250,1250,random,0.2,0.1,10,5,0.2,1,1,1,0,50,0.9999999998944877,22500.0,18,18,18,1.0,20,465717a2bd61a695,wbit,wbit,2,5,0
9,42,251,1251,random,0.2,0.1,10,5,0.2,1,1,1,0,50,0.5792125336896085,22500.0,18,18,18,1.0,20,06f8fb85e69d6285,wbit,wbit,2,5,0
10,42,252,1252,random,0.2,0.1,10,5,0.2,1,1,1,0,50,0.5197415398376951,22500.0,18,18,18,1.0,20,5dc4c7bc2570a122,wbit,wbit,2,5,0
11,42,253,1253,random,0.2,0.1,10,5,0.2,1,1,1,0,50,0.569180775081805,22500.0,18,18,18,1.0,20,39637d331ece22ad,wbit,wbit,2,5,0
12,42,254,1254,random,0.2,0.1,10,5,0.2,1,1,1,0,50,0.5057615584336809,22500.0,18,18,18,1.0,20,48059fc23c406176,wbit,wbit,2,5,0
13,42,255,1255,random,0.2,0.1,10,5,0.2,1,1,1,0,50,0.628854038252552,22500.0,18,18,18,1.0,20,8afe2373964bb9c2,wbit,wbit,2,5,0
14,42,256,1256,random,0.2,0.1,10,5,0.2,1,1,1,0,50,0.6232460002567586,22500.0,18,18,18,1.0,20,201118c81a02f301,wbit,wbit,2,5,0
15,42,257,1257,random,0.2,0.1,10,5,0.2,1,1,1,0,50,0.9999999999194468,22500.0,18,18,18,1.0,20,05ae26248b9a4459,wbit,wbit,2,5,0
16,42,258,1258,random,0.2,0.1,10,5,0.2,1,1,1,0,50,0.5156806250370964,22500.0,18,18,18,1.0,20,785167e2ca206f24,wbit,wbit,2,5,0
17,42,259,1259,random,0.2,0.1,10,5,0.2,1,1,1,0,50,0.5187347344888484,22500.0,18,18,18,1.0,20,43d36de7b34bebc5,wbit,wbit,2,5,0
18,42,260,1260,random,0.2,0.1,10,5,0.2,1,1,1,0,50,0.5107084965030663,22500.0,18,18,18,1.0,20,7fde64e11014b096,wbit,wbit,2,5,0
19,42,261,1261,random,0.2,0.1,10,5,0.2,1,1,1,0,50,0.5130643767892094,22500.0,18,18,18,1.0,20,1862eb1afc79fabb,wbit,wbit,2,5,0
20,42,262,1262,random,0.2,0.1,10,5,0.2,1,1,1,0,50,0.5752447704543284,22500.0,18,18,18,1.0,20,817cfc541dfd57b5,wbit,wbit,2,5,0
21,42,263,1263,random,0.2,0.1,10,5,0.2,1,1,1,0,50,0.5314412877494759,22500.0,18,18,18,1.0,20,a95c7a500f4936d2,wbit,wbit,2,5,0
22,42,264,1264,random,0.2,0.1,10,5,0.2,1,1,1,0,50,0.9999999999186823,22500.0,18,18,18,1.0,20,5b8578c1c68fbb67,wbit,wbit,2,5,0
23,42,265,1265,random,0.2,0.1,10,5,0.2,1,1,1,0,50,0.6493590606931686,22500.0,18,18,18,1.0,20,b3d2ea496acaf089,wbit,wbit,2,5,0
24,42,266,1266,random,0.2,0.1,10,5,0.2,1,1,1,0,50,0.5008944250811161,22500.0,18,18,18,1.0,20,cd223e5d4cdfb8d0,wbit,wbit,2,5,0
25,42,267,1267,random,0.2,0.1,10,5,0.2,1,1,1,0,50,0.9999999999263103,22500.0,18,18,18,1.0,20,7be1dbd269659705,wbit,wbit,2,5,0
26,42,268,1268,random,0.2,0.1,10,5,0.2,1,1,1,0,50,0.5240865133515257,22500.0,18,18,18,1.0,20,6ac23c43fabf1682,wbit,wbit,2,5,0
27,42,269,1269,random,0.2,0.1,10,5,0.2,1,1,1,0,50,0.5538539073859878,22500.0,18,18,18,1.0,20,569bbaaad985e07b,wbit,wbit,2,5,0
28,42,270,1270,random,0.2,0.1,10,5,0.2,1,1,1,0,50,0.5988155552358756,22500.0,18,18,18,1.0,20,6397b6e48343e11e,wbit,wbit,2,5,0
29,42,271,1271,random,0.2,0.1,10,5,0.2,1,1,1,0,50,0.6510747999631366,22500.0,18,18,18,1.0,20,272b3a1803137cd2,wbit,wbit,2,5,0
30,42,272,1272,random,0.2,0.1,10,5,0.2,1,1,1,0,50,0.5178925369711613,22500.0,18,18,18,1.0,20,a81d383a72286274,wbit,wbit,2,5,0
31,42,273,1273,random,0.2,0.1,10,5,0.2,1,1,1,0,50,0.6644814515083377,22500.0,18,18,18,1.0,20,c634f616da267397,wbit,wbit,2,5,0
32,42,274,1274,random,0.2,0.1,10,5,0.2,1,1,1,0,50,0.999999999896673,22500.0,18,18,18,1.0,20,66d9d4c76c424bee,wbit,wbit,2,5,0
33,42,275,1275,random,0.2,0.1,10,5,0.2,1,1,1,0,50,0.5945947962073104,22500.0,18,18,18,1.0,20,0865ec18941158ee,wbit,wbit,2,5,0
34,42,276,1276,random,0.2,0.1,10,5,0.2,1,1,1,0,50,0.9999999999295639,22500.0,18,18,18,1.0,20,ed5c48553c748fc8,wbit,wbit,2,5,0
35,42,277,1277,random,0.2,0.1,10,5,0.2,1,1,1,0,50,0.5947888624373601,22500.0,18,18,18,1.0,20,bbbb55ee8d6317d8,wbit,wbit,2,5,0
36,42,278,1278,random,0.2,0.1,10,5,0.2,1,1,1,0,50,0.9999999999038,22500.0,18,18,18,1.0,20,58f415475a9a931a,wbit,wbit,2,5,0
37,42,279,1279,random,0.2,0.1,10,5,0.2,1,1,1,0,50,0.9999999999141014,22500.0,18,18,18,1.0,20,7b868ae96a612078,wbit,wbit,2,5,0
38,42,280,1280,random,0.2,0.1,10,5,0.2,1,1,1,0,50,0.9999999999321025,22500.0,18,18,18,1.0,20,65291f742d2429f5,wbit,wbit,2,5,0
39,42,281,1281,random,0.2,0.1,10,5,0.2,1,1,1,0,50,0.533137472765274,22500.0,18,18,18,1.0,20,f9b5dbde217ef9ec,wbit,wbit,2,5,0
40,42,282,1282,random,0.2,0.1,10,5,0.2,1,1,1,0,50,0.5338380868324349,22500.0,18,18,18,1.0,20,a370ca72b131022b,wbit,wbit,2,5,0
41,42,283,1283,random,0.2,0.1,10,5,0.2,1,1,1,0,50,0.5016705223689455,22500.0,18,18,18,1.0,20,2dbc2c842e231fbf,wbit,wbit,2,5,0
42,42,284,1284,random,0.2,0.1,10,5,0.2,1,1,1,0,50,0.9999999999465377,22500.0,18,18,18,1.0,20,29072c451ce97d3e,wbit,wbit,2,5,0
43,42,285,1285,random,0.2,0.1,10,5,0.2,1,1,1,0,50,0.9999999999571754,22500.0,18,18,18,1.0,20,3cc415989ab8aaa3,wbit,wbit,2,5,0
44,42,286,1286,random,0.2,0.1,10,5,0.2,1,1,1,0,50,0.9999999998964914,22500.0,18,18,18,1.0,20,99b6978712b134a1,wbit,wbit,2,5,0
45,42,287,1287,random,0.2,0.1,10,5,0.2,1,1,1,0,50,0.9999999999406428,22500.0,18,18,18,1.0,20,dda9abf31ee6d277,wbit,wbit,2,5,0
46,42,288,1288,random,0.2,0.1,10,5,0.2,1,1,1,0,50,0.9999999999347406,22500.0,18,18,18,1.0,20,b63285f7c696fbcc,wbit,wbit,2,5,0
47,42,289,1289,random,0.2,0.1,10,5,0.2,1,1,1,0,50,0.9999999999562286,22500.0,18,18,18,1.0,20,aa18542b29e2e47f,wbit,wbit,2,5,0
48,42,290,1290,random,0.2,0.1,10,5,0.2,1,1,1,0,50,0.9999999998864234,22500.0,18,18,18,1.0,20,7df3f5b2be3d99b7,wbit,wbit,2,5,0
49,42,291,1291,random,0.2,0.1,10,5,0.2,1,1,1,0,50,0.5523820354232122,22500.0,18,18,18,1.0,20,ce693a8ff2f3e17c,wbit,wbit,2,5,0
50,42,292,1292,random,0.2,0.1,10,5,0.2,1,1,1,0,50,0.9999999998894182,22500.0,18,18,18,1.0,20,e0ef0bd515090551,wbit,wbit,2,5,0
51,42,293,1293,random,0.2,0.1,10,5,0.2,1,1,1,0,50,0.5265927752793991,22500.0,18,18,18,1.0,20,2df72294a7bd3a2f,wbit,wbit,2,5,0
52,42,294,1294,random,0.2,0.1,10,5,0.2,1,1,1,0,50,0.5196361171169426,22500.0,18,18,18,1.0,20,4990873ea8797095,wbit,wbit,2,5,0
53,42,295,1295,random,0.2,0.1,10,5,0.2,1,1,1,0,50,0.9999999999528292,22500.0,18,18,18,1.0,20,d6546bf79c1506bf,wbit,wbit,2,5,0
54,42,296,1296,random,0.2,0.1,10,5,0.2,1,1,1,0,50,0.9999999999539285,22500.0,18,18,18,1.0,20,fc6b02685d68b948,wbit,wbit,2,5,0
55,42,297,1297,random,0.2,0.1,10,5,0.2,1,1,1,0,50,0.6148403111854319,22500.0,18,18,18,1.0,20,1533acbadb59994a,wbit,wbit,2,5,0
56,42,298,1298,random,0.2,0.1,10,5,0.2,1,1,1,0,50,0.6477329727603647,22500.0,18,18,18,1.0,20,2e22853eda0fea00,wbit,wbit,2,5,0
57,42,299,1299,random,0.2,0.1,10,5,0.2,1,1,1,0,50,0.5114237073031189,22500.0,18,18,18,1.0,20,57681d8e26b78562,wbit,wbit,2,5,0
58,42,300,1300,random,0.2,0.1,10,5,0.2,1,1,1,0,50,0.9999999999268863,22500.0,18,18,18,1.0,20,9e140f9df4112bab,wbit,wbit,2,5,0
59,42,301,1301,random,0.2,0.1,10,5,0.2,1,1,1,0,50,0.9999999999462744,22500.0,18,18,18,1.0,20,e63e35b1c8b0408b,wbit,wbit,2,5,0
60,42,302,1302,random,0.2,0.1,10,5,0.2,1,1,1,0,50,0.9999999999570395,22500.0,18,18,18,1.0,20,bdd15a65cb63d5b4,wbit,wbit,2,5,0
61,42,303,1303,random,0.2,0.1,10,5,0.2,1,1,1,0,50,0.5547689588853736,22500.0,18,18,18,1.0,20,8b471499590d517d,wbit,wbit,2,5,0
62,42,304,1304,random,0.2,0.1,10,5,0.2,1,1,1,0,50,0.5377778107968163,22500.0,18,18,18,1.0,20,134b8074665844cf,wbit,wbit,2,5,0
63,42,305,1305,random,0.2,0.1,10,5,0.2,1,1,1,0,50,0.9999999999210089,22500.0,18,18,18,1.0,20,5d9e22a1e6b4585a,wbit,wbit,2,5,0
64,42,306,1306,random,0.2,0.1,10,5,0.2,1,1,1,0,50,0.5450267962309344,22500.0,18,18,18,1.0,20,2603e5dc193969e7,wbit,wbit,2,5,0
65,42,307,1307,random,0.2,0.1,10,5,0.2,1,1,1,0,50,0.9999999999466094,22500.0,18,18,18,1.0,20,c6a02e86d972fa04,wbit,wbit,2,5,0
66,42,308,1308,random,0.2,0.1,10,5,0.2,1,1,1,0,50,0.5246019464418266,22500.0,18,18,18,1.0,20,992354642d603215,wbit,wbit,2,5,0
67,42,309,1309,random,0.2,0.1,10,5,0.2,1,1,1,0,50,0.6249680174160028,22500.0,18,18,18,1.0,20,e7ab723916913ad6,wbit,wbit,2,5,0
68,42,310,1310,random,0.2,0.1,10,5,0.2,1,1,1,0,50,0.5891001803402398,22500.0,18,18,18,1.0,20,9af4588894ab6dac,wbit,wbit,2,5,0
69,42,311,1311,random,0.2,0.1,10,5,0.2,1,1,1,0,50,0.9999999999164034,22500.0,18,18,18,1.0,20,3396f547f1c0d531,wbit,wbit,2,5,0
70,42,312,1312,random,0.2,0.1,10,5,0.2,1,1,1,0,50,0.6202202116763141,22500.0,18,18,18,1.0,20,1c4ca5670979a6b9,wbit,wbit,2,5,0
71,42,313,1313,random,0.2,0.1,10,5,0.2,1,1,1,0,50,0.521921418026609,22500.0,18,18,18,1.0,20,8b26c1daabaaa140,wbit,wbit,2,5,0
72,42,314,1314,random,0.2,0.1,10,5,0.2,1,1,1,0,50,0.6332922938726431,22500.0,18,18,18,1.0,20,258e408e2460059e,wbit,wbit,2,5,0
73,42,315,1315,random,0.2,0.1,10,5,0.2,1,1,1,0,50,0.9999999998927499,22500.0,18,18,18,1.0,20,ab803130e996499e,wbit,wbit,2,5,0
74,42,316,1316,random,0.2,0.1,10,5,0.2,1,1,1,0,50,0.6002539817853153,22500.0,18,18,18,1.0,20,446815c8d67a3f9b,wbit,wbit,2,5,0
75,42,317,1317,random,0.2,0.1,10,5,0.2,1,1,1,0,50,0.572001775469466,22500.0,18,18,18,1.0,20,16a9438e9729b447,wbit,wbit,2,5,0
76,42,318,1318,random,0.2,0.1,10,5,0.2,1,1,1,0,50,0.5651598888982203,22500.0,18,18,18,1.0,20,f85c8b1c4d079d2f,wbit,wbit,2,5,0
77,42,319,1319,random,0.2,0.1,10,5,0.2,1,1,1,0,50,0.9999999999260349,22500.0,18,18,18,1.0,20,07062785472452b3,wbit,wbit,2,5,0
78,42,320,1320,random,0.2,0.1,10,5,0.2,1,1,1,0,50,0.589669133087757,22500.0,18,18,18,1.0,20,76b16e726e06fedd,wbit,wbit,2,5,0
79,42,321,1321,random,0.2,0.1,10,5,0.2,1,1,1,0,50,0.6019528034491035,22500.0,18,18,18,1.0,20,bf536743b1bdc920,wbit,wbit,2,5,0
80,42,322,1322,random,0.2,0.1,10,5,0.2,1,1,1,0,50,0.6152467843978171,22500.0,18,18,18,1.0,20,8966558de4fe6971,wbit,wbit,2,5,0
81,42,323,1323,random,0.2,0.1,10,5,0.2,1,1,1,0,50,0.549280584389175,22500.0,18,18,18,1.0,20,e8428676d2f6a49a,wbit,wbit,2,5,0
82,42,324,1324,random,0.2,0.1,10,5,0.2,1,1,1,0,50,0.520277406074324,22500.0,18,18,18,1.0,20,7714c5bd717d0274,wbit,wbit,2,5,0
83,42,325,1325,random,0.2,0.1,10,5,0.2,1,1,1,0,50,0.5200465566725498,22500.0,18,18,18,1.0,20,2eae695231d49c5c,wbit,wbit,2,5,0
84,42,326,1326,random,0.2,0.1,10,5,0.2,1,1,1,0,50,0.5569139218918941,22500.0,18,18,18,1.0,20,f1972b4c8fb70033,wbit,wbit,2,5,0
85,42,327,1327,random,0.2,0.1,10,5,0.2,1,1,1,0,50,0.9999999999165912,22500.0,18,18,18,1.0,20,32d2b04449be4f58,wbit,wbit,2,5,0
86,42,328,1328,random,0.2,0.1,10,5,0.2,1,1,1,0,50,0.9999999999309571,22500.0,18,18,18,1.0,20,ab43fe5e6a3e6b44,wbit,wbit,2,5,0
87,42,329,1329,random,0.2,0.1,10,5,0.2,1,1,1,0,50,0.5618472351702593,22500.0,18,18,18,1.0,20,735f6f8787f4f327,wbit,wbit,2,5,0
88,42,330,1330,random,0.2,0.1,10,5,0.2,1,1,1,0,50,0.9999999999459288,22500.0,18,18,18,1.0,20,1669fa671bcfdf8c,wbit,wbit,2,5,0
89,42,331,1331,random,0.2,0.1,10,5,0.2,1,1,1,0,50,0.5363612643429259,22500.0,18,18,18,1.0,20,ba199df04d86124a,wbit,wbit,2,5,0
90,42,332,1332,random,0.2,0.1,10,5,0.2,1,1,1,0,50,0.6567671015163784,22500.0,18,18,18,1.0,20,b0ef688c1035ca36,wbit,wbit,2,5,0
91,42,333,1333,random,0.2,0.1,10,5,0.2,1,1,1,0,50,0.5086102625058071,22500.0,18,18,18,1.0,20,ab35e63b1c607810,wbit,wbit,2,5,0
92,42,334,1334,random,0.2,0.1,10,5,0.2,1,1,1,0,50,0.9999999999599742,22500.0,18,18,18,1.0,20,ec87509f09195514,wbit,wbit,2,5,0
93,42,335,1335,random,0.2,0.1,10,5,0.2,1,1,1,0,50,0.9999999999575555,22500.0,18,18,18,1.0,20,4784f515eb767579,wbit,wbit,2,5,0
94,42,336,1336,random,0.2,0.1,10,5,0.2,1,1,1,0,50,0.5270409513040508,22500.0,18,18,18,1.0,20,3ea925926aabd874,wbit,wbit,2,5,0
95,42,337,1337,random,0.2,0.1,10,5,0.2,1,1,1,0,50,0.9999999999620599,22500.0,18,18,18,1.0,20,36d1a73b8cd2f0f2,wbit,wbit,2,5,0
96,42,338,1338,random,0.2,0.1,10,5,0.2,1,1,1,0,50,0.5346072960449921,22500.0,18,18,18,1.0,20,c77ec63e9c4940e5,wbit,wbit,2,5,0
97,42,339,1339,random,0.2,0.1,10,5,0.2,1,1,1,0,50,0.6021530068877947,22500.0,18,18,18,1.0,20,41997a3ec5e9e1d5,wbit,wbit,2,5,0
98,42,340,1340,random,0.2,0.1,10,5,0.2,1,1,1,0,50,0.5564156696215219,22500.0,18,18,18,1.0,20,4f41e6ce1d94cbc8,wbit,wbit,2,5,0
99,42,341,1341,random,0.2,0.1,10,5,0.2,1,1,1,0,50,0.5627269417903109,22500.0,18,18,18,1.0,20,d70bec48a0a8badc,wbit,wbit,2,5,0
0,42,342,1342,random,0.3,0.1,10,5,0.2,1,1,1,0,50,0.9999999999423843,22500.0,18,18,18,1.0,30,b97c0e32af92f6cb,wbit,wbit,2,5,0
1,42,343,1343,random,0.3,0.1,10,5,0.2,1,1,1,0,50,0.9999999999464301,22500.0,18,18,18,1.0,30,abed8f241d0fdfbb,wbit,wbit,2,5,0
2,42,344,1344,random,0.3,0.1,10,5,0.2,1,1,1,0,50,0.9999999999194378,22500.0,18,18,18,1.0,30,4811dd2dae8cb9e0,wbit,wbit,2,5,0
3,42,345,1345,random,0.3,0.1,10,5,0.2,1,1,1,0,50,0.681981713018422,22500.0,18,18,18,1.0,30,87712cb39cbf00c6,wbit,wbit,2,5,0
4,42,346,1346,random,0.3,0.1,10,5,0.2,1,1,1,0,50,0.9999999999381266,22500.0,18,18,18,1.0,30,93bda4a48dfa997c,wbit,wbit,2,5,0
5,42,347,1347,random,0.3,0.1,10,5,0.2,1,1,1,0,50,0.628363210135545,22500.0,18,18,18,1.0,30,d078b0c52c9c7226,wbit,wbit,2,5,0
6,42,348,1348,random,0.3,0.1,10,5,0.2,1,1,1,0,50,0.5189764774204692,22500.0,18,18,18,1.0,30,3ff8ce619fd09b43,wbit,wbit,2,5,0
7,42,349,1349,random,0.3,0.1,10,5,0.2,1,1,1,0,50,0.9999999999350082,22500.0,18,18,18,1.0,30,191f362f44046d1b,wbit,wbit,2,5,0
8,42,350,1350,random,0.3,0.1,10,5,0.2,1,1,1,0,50,0.5433104838645624,25000.0,20,20,20,1.0,30,735c3220cd9a261c,wbit,wbit,2,5,0
9,42,351,1351,random,0.3,0.1,10,5,0.2,1,1,1,0,50,0.9999999998965938,22500.0,18,18,18,1.0,30,8ff64accb5049c94,wbit,wbit,2,5,0
10,42,352,1352,random,0.3,0.1,10,5,0.2,1,1,1,0,50,0.9999999999590582,22500.0,18,18,18,1.0,30,fa95e0e94f344ebf,wbit,wbit,2,5,0
11,42,353,1353,random,0.3,0.1,10,5,0.2,1,1,1,0,50,0.5027087509884794,25000.0,20,20,20,1.0,30,3d586f05c2cf7daa,wbit,wbit,2,5,0
12,42,354,1354,random,0.3,0.1,10,5,0.2,1,1,1,0,50,0.999999999895682,22500.0,18,18,18,1.0,30,752bd9afd490b1af,wbit,wbit,2,5,0
13,42,355,1355,random,0.3,0.1,10,5,0.2,1,1,1,0,50,0.9999999999412047,22500.0,18,18,18,1.0,30,217992e33f7185c8,wbit,wbit,2,5,0
14,42,356,1356,random,0.3,0.1,10,5,0.2,1,1,1,0,50,0.99999999995571,22500.0,18,18,18,1.0,30,26234d074acf9ee8,wbit,wbit,2,5,0
15,42,357,1357,random,0.3,0.1,10,5,0.2,1,1,1,0,50,0.9999999999509088,22500.0,18,18,18,1.0,30,6efc86b332dcdf0a,wbit,wbit,2,5,0
16,42,358,1358,random,0.3,0.1,10,5,0.2,1,1,1,0,50,0.9999999999031339,22500.0,18,18,18,1.0,30,0e7fe8c79ccff5bd,wbit,wbit,2,5,0
17,42,359,1359,random,0.3,0.1,10,5,0.2,1,1,1,0,50,0.999999999953181,22500.0,18,18,18,1.0,30,67e8cd52b2e4a138,wbit,wbit,2,5,0
18,42,360,1360,random,0.3,0.1,10,5,0.2,1,1,1,0,50,0.5479192083317732,22500.0,18,18,18,1.0,30,b5b5f76eecb44dd6,wbit,wbit,2,5,0
19,42,361,1361,random,0.3,0.1,10,5,0.2,1,1,1,0,50,0.9999999999683344,22500.0,18,18,18,1.0,30,6a0e891dd33b58b5,wbit,wbit,2,5,0
20,42,362,1362,random,0.3,0.1,10,5,0.2,1,1,1,0,50,0.9999999999502088,22500.0,18,18,18,1.0,30,835ed14f0c5cb343,wbit,wbit,2,5,0
21,42,363,1363,random,0.3,0.1,10,5,0.2,1,1,1,0,50,0.502716832111615,22500.0,18,18,18,1.0,30,fb0178e3c147b22a,wbit,wbit,2,5,0
22,42,364,1364,random,0.3,0.1,10,5,0.2,1,1,1,0,50,0.9999999999510072,22500.0,18,18,18,1.0,30,5adb67d6acace960,wbit,wbit,2,5,0
23,42,365,1365,random,0.3,0.1,10,5,0.2,1,1,1,0,50,0.999999999922836,22500.0,18,18,18,1.0,30,6f1da16531220f6d,wbit,wbit,2,5,0
24,42,366,1366,random,0.3,0.1,10,5,0.2,1,1,1,0,50,0.9999999998518752,22500.0,18,18,18,1.0,30,e0b2e5f6fcafc7d6,wbit,wbit,2,5,0
25,42,367,1367,random,0.3,0.1,10,5,0.2,1,1,1,0,50,0.9999999999361419,25000.0,20,20,20,1.0,30,09ca7b247f0e5b5b,wbit,wbit,2,5,0
26,42,368,1368,random,0.3,0.1,10,5,0.2,1,1,1,0,50,0.9999999999629532,22500.0,18,18,18,1.0,30,1935d766a52d09fe,wbit,wbit,2,5,0
27,42,369,1369,random,0.3,0.1,10,5,0.2,1,1,1,0,50,0.6464482084939844,22500.0,18,18,18,1.0,30,75723889d19f9e92,wbit,wbit,2,5,0
28,42,370,1370,random,0.3,0.1,10,5,0.2,1,1,1,0,50,0.9999999999522494,30000.0,24,24,24,1.0,30,0ce668135cdcb566,wbit,wbit,2,5,0
29,42,371,1371,random,0.3,0.1,10,5,0.2,1,1,1,0,50,0.9999999998842263,22500.0,18,18,18,1.0,30,04da9a0a980d8cae,wbit,wbit,2,5,0
30,42,372,1372,random,0.3,0.1,10,5,0.2,1,1,1,0,50,0.9999999999089553,22500.0,18,18,18,1.0,30,0d5ec919f7dbb81d,wbit,wbit,2,5,0
31,42,373,1373,random,0.3,0.1,10,5,0.2,1,1,1,0,50,0.5266558387484336,22500.0,18,18,18,1.0,30,6bbbed1e3d66674d,wbit,wbit,2,5,0
32,42,374,1374,random,0.3,0.1,10,5,0.2,1,1,1,0,50,0.9999999999173192,22500.0,18,18,18,1.0,30,34943545a327304a,wbit,wbit,2,5,0
33,42,375,1375,random,0.3,0.1,10,5,0.2,1,1,1,0,50,0.9999999999438756,22500.0,18,18,18,1.0,30,a22f534006244795,wbit,wbit,2,5,0
34,42,376,1376,random,0.3,0.1,10,5,0.2,1,1,1,0,50,0.9999999999198765,25000.0,20,20,20,1.0,30,58d0605d697a4b4e,wbit,wbit,2,5,0
35,42,377,1377,random,0.3,0.1,10,5,0.2,1,1,1,0,50,0.9999999999627571,22500.0,18,18,18,1.0,30,84ca83b7f8ffa50b,wbit,wbit,2,5,0
36,42,378,1378,random,0.3,0.1,10,5,0.2,1,1,1,0,50,0.9999999998531766,22500.0,18,18,18,1.0,30,090d767482a391f6,wbit,wbit,2,5,0
37,42,379,1379,random,0.3,0.1,10,5,0.2,1,1,1,0,50,0.9999999999242511,22500.0,18,18,18,1.0,30,721fcdd88bc717a9,wbit,wbit,2,5,0
38,42,380,1380,random,0.3,0.1,10,5,0.2,1,1,1,0,50,0.9999999999249083,22500.0,18,18,18,1.0,30,827c3b2f1f1f3e40,wbit,wbit,2,5,0
39,42,381,1381,random,0.3,0.1,10,5,0.2,1,1,1,0,50,0.9999999998753766,22500.0,18,18,18,1.0,30,0776cb53b2597443,wbit,wbit,2,5,0
40,42,382,1382,random,0.3,0.1,10,5,0.2,1,1,1,0,50,0.6004886210453434,22500.0,18,18,18,1.0,30,a0c46068996a852b,wbit,wbit,2,5,0
41,42,383,1383,random,0.3,0.1,10,5,0.2,1,1,1,0,50,0.9999999999360858,22500.0,18,18,18,1.0,30,1c843f2ea751a3bc,wbit,wbit,2,5,0
42,42,384,1384,random,0.3,0.1,10,5,0.2,1,1,1,0,50,0.999999999950517,22500.0,18,18,18,1.0,30,5d167b5f7e08aea4,wbit,wbit,2,5,0
43,42,385,1385,random,0.3,0.1,10,5,0.2,1,1,1,0,50,0.69285563061862,25000.0,20,20,20,1.0,30,4ef3bd16812731bc,wbit,wbit,2,5,0
44,42,386,1386,random,0.3,0.1,10,5,0.2,1,1,1,0,50,0.6471211781867559,22500.0,18,18,18,1.0,30,f9701ab8a3f78041,wbit,wbit,2,5,0
45,42,387,1387,random,0.3,0.1,10,5,0.2,1,1,1,0,50,0.9999999999362745,22500.0,18,18,18,1.0,30,0051c655dda231f0,wbit,wbit,2,5,0
46,42,388,1388,random,0.3,0.1,10,5,0.2,1,1,1,0,50,0.9999999999477689,22500.0,18,18,18,1.0,30,ce5d7fcf8593c557,wbit,wbit,2,5,0
47,42,389,1389,random,0.3,0.1,10,5,0.2,1,1,1,0,50,0.9999999999149747,22500.0,18,18,18,1.0,30,136220a19c08586f,wbit,wbit,2,5,0
48,42,390,1390,random,0.3,0.1,10,5,0.2,1,1,1,0,50,0.9999999999052476,25000.0,20,20,20,1.0,30,b42a593f2a003b46,wbit,wbit,2,5,0
49,42,391,1391,random,0.3,0.1,10,5,0.2,1,1,1,0,50,0.9999999999554428,22500.0,18,18,18,1.0,30,04a4de43d9251dd5,wbit,wbit,2,5,0
50,42,392,1392,random,0.3,0.1,10,5,0.2,1,1,1,0,50,0.9999999999597164,22500.0,18,18,18,1.0,30,59aa563cbf81661e,wbit,wbit,2,5,0
51,42,393,1393,random,0.3,0.1,10,5,0.2,1,1,1,0,50,0.543449587723433,22500.0,18,18,18,1.0,30,6f190dfed8178b8a,wbit,wbit,2,5,0
52,42,394,1394,random,0.3,0.1,10,5,0.2,1,1,1,0,50,0.5428426184003619,22500.0,18,18,18,1.0,30,3794728e2c9e7dbb,wbit,wbit,2,5,0
53,42,395,1395,random,0.3,0.1,10,5,0.2,1,1,1,0,50,0.9999999999486274,22500.0,18,18,18,1.0,30,a68c0d8554d2d931,wbit,wbit,2,5,0
54,42,396,1396,random,0.3,0.1,10,5,0.2,1,1,1,0,50,0.5238304153786884,22500.0,18,18,18,1.0,30,14904fc122bef34f,wbit,wbit,2,5,0
55,42,397,1397,random,0.3,0.1,10,5,0.2,1,1,1,0,50,0.9999999999521187,22500.0,18,18,18,1.0,30,d200f19c84fdb950,wbit,wbit,2,5,0
56,42,398,1398,random,0.3,0.1,10,5,0.2,1,1,1,0,50,0.9999999999450413,25000.0,20,20,20,1.0,30,fcef092368bc049f,wbit,wbit,2,5,0
57,42,399,1399,random,0.3,0.1,10,5,0.2,1,1,1,0,50,0.5440094281203175,22500.0,18,18,18,1.0,30,45535b8b7de40565,wbit,wbit,2,5,0
58,42,400,1400,random,0.3,0.1,10,5,0.2,1,1,1,0,50,0.5351296923305413,22500.0,18,18,18,1.0,30,1895001e19a1adc6,wbit,wbit,2,5,0
59,42,401,1401,random,0.3,0.1,10,5,0.2,1,1,1,0,50,0.9999999999498932,22500.0,18,18,18,1.0,30,a1f63b60287b1775,wbit,wbit,2,5,0
60,42,402,1402,random,0.3,0.1,10,5,0.2,1,1,1,0,50,0.6271883147175673,22500.0,18,18,18,1.0,30,0d7a0795d4e2cb18,wbit,wbit,2,5,0
61,42,403,1403,random,0.3,0.1,10,5,0.2,1,1,1,0,50,0.9999999999274495,22500.0,18,18,18,1.0,30,cec95bf04ee44866,wbit,wbit,2,5,0
62,42,404,1404,random,0.3,0.1,10,5,0.2,1,1,1,0,50,0.9999999998920438,22500.0,18,18,18,1.0,30,0f2c71e869339e23,wbit,wbit,2,5,0
63,42,405,1405,random,0.3,0.1,10,5,0.2,1,1,1,0,50,0.5379176618550419,22500.0,18,18,18,1.0,30,170945dc44684e6d,wbit,wbit,2,5,0
64,42,406,1406,random,0.3,0.1,10,5,0.2,1,1,1,0,50,0.5052988016232556,22500.0,18,18,18,1.0,30,5d156b2fec389a6a,wbit,wbit,2,5,0
65,42,407,1407,random,0.3,0.1,10,5,0.2,1,1,1,0,50,0.99999999992631,22500.0,18,18,18,1.0,30,0de65294a598ded0,wbit,wbit,2,5,0
66,42,408,1408,random,0.3,0.1,10,5,0.2,1,1,1,0,50,0.9999999999552783,22500.0,18,18,18,1.0,30,0cd169835da73d3a,wbit,wbit,2,5,0
67,42,409,1409,random,0.3,0.1,10,5,0.2,1,1,1,0,50,0.5534864272675879,25000.0,20,20,20,1.0,30,308fd9199360048b,wbit,wbit,2,5,0
68,42,410,1410,random,0.3,0.1,10,5,0.2,1,1,1,0,50,0.6081751069340847,22500.0,18,18,18,1.0,30,4097b3ff39dff695,wbit,wbit,2,5,0
69,42,411,1411,random,0.3,0.1,10,5,0.2,1,1,1,0,50,0.999999999916906,22500.0,18,18,18,1.0,30,22f3604091fb82db,wbit,wbit,2,5,0
70,42,412,1412,random,0.3,0.1,10,5,0.2,1,1,1,0,50,0.6068507203667226,22500.0,18,18,18,1.0,30,9491b143e3d49ad9,wbit,wbit,2,5,0
71,42,413,1413,random,0.3,0.1,10,5,0.2,1,1,1,0,50,0.9999999999453486,22500.0,18,18,18,1.0,30,ec7fc69ba31a9edf,wbit,wbit,2,5,0
72,42,414,1414,random,0.3,0.1,10,5,0.2,1,1,1,0,50,0.9999999999678278,22500.0,18,18,18,1.0,30,633d6134b11e4245,wbit,wbit,2,5,0
73,42,415,1415,random,0.3,0.1,10,5,0.2,1,1,1,0,50,0.6389698200432237,22500.0,18,18,18,1.0,30,8ea3ff9778edde08,wbit,wbit,2,5,0
74,42,416,1416,random,0.3,0.1,10,5,0.2,1,1,1,0,50,0.5407274830038048,22500.0,18,18,18,1.0,30,3c704031ab8b84e1,wbit,wbit,2,5,0
75,42,417,1417,random,0.3,0.1,10,5,0.2,1,1,1,0,50,0.999999999954805,22500.0,18,18,18,1.0,30,b5f319a9c3c9a3f7,wbit,wbit,2,5,0
76,42,418,1418,random,0.3,0.1,10,5,0.2,1,1,1,0,50,0.999999999969784,22500.0,18,18,18,1.0,30,e5b2a556ca2c99b4,wbit,wbit,2,5,0
77,42,419,1419,random,0.3,0.1,10,5,0.2,1,1,1,0,50,0.9999999999229424,22500.0,18,18,18,1.0,30,1247b9ba0d5ceddc,wbit,wbit,2,5,0
78,42,420,1420,random,0.3,0.1,10,5,0.2,1,1,1,0,50,0.5172686789761047,22500.0,18,18,18,1.0,30,bb2abe6f91a65f05,wbit,wbit,2,5,0
79,42,421,1421,random,0.3,0.1,10,5,0.2,1,1,1,0,50,0.5391535659229613,22500.0,18,18,18,1.0,30,c6add40fae2628a3,wbit,wbit,2,5,0
80,42,422,1422,random,0.3,0.1,10,5,0.2,1,1,1,0,50,0.6988940551190779,22500.0,18,18,18,1.0,30,a288ce03078ad56a,wbit,wbit,2,5,0
81,42,423,1423,random,0.3,0.1,10,5,0.2,1,1,1,0,50,0.9999999999539821,27500.0,22,22,22,1.0,30,eeacfeb32b206f0d,wbit,wbit,2,5,0
82,42,424,1424,random,0.3,0.1,10,5,0.2,1,1,1,0,50,0.9999999999525232,22500.0,18,18,18,1.0,30,e84727aeee8a268c,wbit,wbit,2,5,0
83,42,425,1425,random,0.3,0.1,10,5,0.2,1,1,1,0,50,0.521283905022918,22500.0,18,18,18,1.0,30,7d2983ee1d459995,wbit,wbit,2,5,0
84,42,426,1426,random,0.3,0.1,10,5,0.2,1,1,1,0,50,0.9999999999397313,22500.0,18,18,18,1.0,30,37726826fd63ece5,wbit,wbit,2,5,0
85,42,427,1427,random,0.3,0.1,10,5,0.2,1,1,1,0,50,0.9999999999386611,22500.0,18,18,18,1.0,30,f822d19b9ecca506,wbit,wbit,2,5,0
86,42,428,1428,random,0.3,0.1,10,5,0.2,1,1,1,0,50,0.5470628006224594,22500.0,18,18,18,1.0,30,fa29c01b5debf4b4,wbit,wbit,2,5,0
87,42,429,1429,random,0.3,0.1,10,5,0.2,1,1,1,0,50,0.9999999999438219,22500.0,18,18,18,1.0,30,0cd584a38d8a81f7,wbit,wbit,2,5,0
88,42,430,1430,random,0.3,0.1,10,5,0.2,1,1,1,0,50,0.9999999999098114,22500.0,18,18,18,1.0,30,99e610096aad0d3f,wbit,wbit,2,5,0
89,42,431,1431,random,0.3,0.1,10,5,0.2,1,1,1,0,50,0.5446379905315548,22500.0,18,18,18,1.0,30,8ab67c23e1597963,wbit,wbit,2,5,0
90,42,432,1432,random,0.3,0.1,10,5,0.2,1,1,1,0,50,0.9999999998963113,22500.0,18,18,18,1.0,30,0c94596fb678fc8b,wbit,wbit,2,5,0
91,42,433,1433,random,0.3,0.1,10,5,0.2,1,1,1,0,50,0.9999999999257821,22500.0,18,18,18,1.0,30,b727e1c4842b2918,wbit,wbit,2,5,0
92,42,434,1434,random,0.3,0.1,10,5,0.2,1,1,1,0,50,0.5401489113139784,22500.0,18,18,18,1.0,30,9dfab54f7ebf1e82,wbit,wbit,2,5,0
93,42,435,1435,random,0.3,0.1,10,5,0.2,1,1,1,0,50,0.9999999999223207,22500.0,18,18,18,1.0,30,d11c39a0827e0c95,wbit,wbit,2,5,0
94,42,436,1436,random,0.3,0.1,10,5,0.2,1,1,1,0,50,0.6483753503678801,22500.0,18,18,18,1.0,30,7a1941929639dfbe,wbit,wbit,2,5,0
95,42,437,1437,random,0.3,0.1,10,5,0.2,1,1,1,0,50,0.9999999999442326,22500.0,18,18,18,1.0,30,964ff4a98279450a,wbit,wbit,2,5,0
96,42,438,1438,random,0.3,0.1,10,5,0.2,1,1,1,0,50,0.9999999999658757,22500.0,18,18,18,1.0,30,fec319f9caf0b952,wbit,wbit,2,5,0
97,42,439,1439,random,0.3,0.1,10,5,0.2,1,1,1,0,50,0.9999999999504712,25000.0,20,20,20,1.0,30,4bbc1dcf2ea7a9c2,wbit,wbit,2,5,0
98,42,440,1440,random,0.3,0.1,10,5,0.2,1,1,1,0,50,0.9999999999487064,22500.0,18,18,18,1.0,30,9e3f09c41585c6ab,wbit,wbit,2,5,0
99,42,441,1441,random,0.3,0.1,10,5,0.2,1,1,1,0,50,0.538687386115226,22500.0,18,18,18,1.0,30,eeb114fdbcd6038a,wbit,wbit,2,5,0
